{
    "metadata": {
        "name": "Sáng Tác Việt",
        "author": "nosatmjk",
        "version": 10,
        "source": "https://sangtacviet.pro",
        "regexp": "https?://sangtacviet\\.(pro|vip|com|app)/truyen/(qidian|uukanshu|chiruax|69shu|noel)/\\d+/\\d+/?",
        "description": "Bản cập nhật tối ưu 2026 cho vBook",
        "locale": "vi_VN",
        "language": "javascript",
        "type": "novel",
        "encrypt": true
    },
    "script": {
        "home": "home.js",
        "genre": "genre.js",
        "search": "search.js",
        "detail": "detail.js",
        "toc": "toc.js",
        "chap": "chap.js"
    }
}