{
  "metadata": {
    "name": "Sáng Tác Việt",
    "author": "nosatmjk",
    "version": 10,
    "source": "https://sangtacviet.pro",
    "regexp": "sangtacviet.(pro|vip|com|app|info)/truyen/[^/]+/\\d+/\\d+/?$",
    "description": "Hỗ trợ giải mã font STV 2026",
    "locale": "vi_VN",
    "type": "novel",
    "encrypt": false
  },
  "script": {
    "home": "home.js",
    "genre": "genre.js",
    "search": "search.js",
    "detail": "detail.js",
    "toc": "toc.js",
    "chap": "chap.js"
  }
}