{
    "metadata": {
        "name": "Sáng Tác Việt",
        "author": "vBook",
        "version": 11,
        "source": "https://sangtacviet.vip",
        "regexp": "sangtacviet.(pro|vip|com|app)/truyen/[^/]+/\\d+/\\d+/?$",
        "description": "Đọc truyện trên Sáng Tác Việt",
        "locale": "vi_VN",
        "type": "novel",
        "encrypt": true
    },
    "script": {
        "home": "home.js",
        "genre": "genre.js",
        "search": "search.js",
        "detail": "detail.js",
        "toc": "toc.js11
        "chap": "chap.js"
    }
}